                  epoch,         train/box_loss,         train/cls_loss,         train/dfl_loss,   metrics/precision(B),      metrics/recall(B),       metrics/mAP50(B),    metrics/mAP50-95(B),           val/box_loss,           val/cls_loss,           val/dfl_loss,                 lr/pg0,                 lr/pg1,                 lr/pg2
                      1,                 1.8492,                 2.4711,                 1.2728,                0.63361,                0.19251,                  0.151,                 0.0873,                 1.8888,                 2.0587,                 1.1776,             0.00012241,             0.00012241,             0.00012241
                      2,                 1.6793,                 1.6146,                 1.1635,                0.44834,                0.26272,                0.24022,                0.13593,                 1.8466,                 1.8427,                 1.2201,             0.00024569,             0.00024569,             0.00024569
                      3,                 1.6662,                 1.4807,                  1.166,                 0.2885,                0.25924,                0.21322,                0.10954,                 1.9354,                 1.8059,                 1.2414,             0.00036872,             0.00036872,             0.00036872
                      4,                 1.6396,                 1.4244,                 1.1548,                0.44549,                 0.3353,                0.31222,                0.17794,                 1.8597,                  1.672,                 1.2173,             0.00036919,             0.00036919,             0.00036919
                      5,                 1.6222,                  1.341,                 1.1416,                0.44821,                0.41968,                 0.3729,                0.21481,                 1.8323,                 1.6028,                 1.2002,             0.00036856,             0.00036856,             0.00036856
                      6,                 1.5967,                 1.2725,                 1.1314,                0.35893,                0.34511,                0.29794,                0.16535,                 1.8276,                 1.5965,                 1.2052,             0.00036775,             0.00036775,             0.00036775
                      7,                 1.5801,                 1.2169,                 1.1163,                0.40623,                0.43948,                0.36137,                0.18551,                  1.856,                 1.4928,                 1.1921,             0.00036676,             0.00036676,             0.00036676
                      8,                 1.5565,                 1.1818,                 1.1093,                0.50263,                0.41331,                0.43442,                0.26751,                 1.7886,                 1.5524,                 1.1803,             0.00036559,             0.00036559,             0.00036559
                      9,                  1.554,                  1.162,                 1.1021,                0.52289,                0.45378,                0.46053,                0.29067,                 1.7829,                 1.5037,                 1.1743,             0.00036425,             0.00036425,             0.00036425
                     10,                  1.507,                 1.1103,                  1.083,                0.49446,                 0.3879,                0.37833,                0.19416,                 1.8662,                 1.5071,                 1.1898,             0.00036273,             0.00036273,             0.00036273
                     11,                 1.5113,                 1.0936,                 1.0865,                0.57757,                0.43923,                0.45291,                0.26129,                 1.8177,                 1.4385,                 1.1627,             0.00036104,             0.00036104,             0.00036104
                     12,                 1.4901,                 1.0502,                  1.072,                0.50247,                0.43408,                0.45914,                0.28156,                 1.7934,                 1.3531,                 1.1663,             0.00035917,             0.00035917,             0.00035917
                     13,                 1.4965,                  1.032,                  1.077,                0.59348,                 0.4717,                0.50684,                0.31071,                 1.7672,                 1.4138,                 1.1561,             0.00035714,             0.00035714,             0.00035714
                     14,                 1.4724,                 1.0032,                 1.0671,                0.49873,                0.49011,                0.47336,                0.28233,                    1.8,                 1.4646,                 1.1822,             0.00035494,             0.00035494,             0.00035494
                     15,                 1.4617,                0.97157,                  1.066,                0.62014,                0.46563,                0.51053,                0.29686,                  1.806,                 1.3728,                 1.1546,             0.00035257,             0.00035257,             0.00035257
                     16,                 1.4617,                0.96333,                 1.0617,                0.58162,                0.54673,                0.55839,                 0.3415,                 1.7421,                 1.2465,                 1.1218,             0.00035004,             0.00035004,             0.00035004
                     17,                 1.4577,                0.95673,                  1.058,                0.60792,                0.47418,                0.52706,                0.32635,                 1.7402,                 1.3474,                 1.1262,             0.00034735,             0.00034735,             0.00034735
                     18,                 1.4347,                0.93592,                 1.0506,                0.53037,                0.50689,                0.50596,                0.31257,                 1.6849,                  1.295,                 1.1118,             0.00034449,             0.00034449,             0.00034449
                     19,                 1.4336,                0.93023,                 1.0495,                0.60031,                0.52602,                 0.5485,                0.33196,                 1.7716,                 1.3162,                 1.1421,             0.00034149,             0.00034149,             0.00034149
                     20,                 1.4122,                0.89453,                 1.0424,                0.59306,                0.54039,                0.52737,                0.31726,                 1.7968,                 1.2661,                 1.1537,             0.00033833,             0.00033833,             0.00033833
                     21,                 1.4119,                0.89646,                 1.0431,                0.57334,                0.56515,                0.58684,                0.38011,                 1.6817,                 1.2247,                 1.1141,             0.00033502,             0.00033502,             0.00033502
                     22,                 1.4142,                0.88242,                  1.041,                0.61421,                 0.5382,                0.55088,                0.34763,                 1.7344,                 1.2713,                  1.127,             0.00033157,             0.00033157,             0.00033157
                     23,                  1.376,                0.84888,                 1.0279,                0.58654,                0.54049,                0.54029,                0.32569,                 1.8881,                 1.3539,                 1.1675,             0.00032797,             0.00032797,             0.00032797
                     24,                 1.3783,                0.84136,                  1.026,                0.64417,                0.57058,                 0.5922,                0.37642,                 1.7128,                 1.1776,                 1.1168,             0.00032423,             0.00032423,             0.00032423
                     25,                 1.3827,                0.84084,                 1.0285,                0.67964,                0.60608,                0.61817,                0.40461,                 1.6335,                 1.1689,                 1.0904,             0.00032036,             0.00032036,             0.00032036
                     26,                 1.3736,                0.81315,                 1.0275,                0.67906,                0.62148,                0.62956,                0.40313,                 1.7188,                 1.1516,                 1.1146,             0.00031636,             0.00031636,             0.00031636
                     27,                  1.365,                0.80004,                 1.0257,                 0.6708,                0.59333,                0.61462,                0.40523,                 1.6195,                 1.1263,                 1.0952,             0.00031222,             0.00031222,             0.00031222
                     28,                 1.3435,                0.78062,                 1.0151,                0.70782,                0.61074,                0.63032,                 0.3921,                 1.7185,                 1.2493,                 1.1265,             0.00030797,             0.00030797,             0.00030797
                     29,                  1.345,                0.77717,                 1.0167,                0.72067,                 0.5946,                0.62857,                0.41516,                 1.6635,                 1.1704,                 1.0905,             0.00030359,             0.00030359,             0.00030359
                     30,                 1.3474,                0.77179,                 1.0133,                0.73661,                0.61115,                0.64957,                0.40888,                 1.6736,                 1.1796,                 1.1115,              0.0002991,              0.0002991,              0.0002991
                     31,                 1.3308,                0.75928,                 1.0132,                0.75222,                0.60344,                0.66248,                0.42969,                 1.6215,                 1.1451,                 1.0936,              0.0002945,              0.0002945,              0.0002945
                     32,                 1.3327,                0.75367,                 1.0102,                0.75021,                0.61697,                0.65178,                0.42506,                 1.6436,                 1.0978,                 1.0895,              0.0002898,              0.0002898,              0.0002898
                     33,                 1.3194,                0.73581,                 1.0033,                0.74752,                0.60332,                0.64907,                0.43171,                 1.6516,                 1.0813,                 1.0916,             0.00028499,             0.00028499,             0.00028499
                     34,                 1.3028,                0.72683,                0.99753,                0.72561,                0.62848,                0.64904,                0.42192,                 1.6714,                 1.1122,                 1.1052,             0.00028008,             0.00028008,             0.00028008
                     35,                 1.3145,                0.72555,                 1.0034,                0.71131,                 0.6345,                0.66072,                0.42274,                 1.6799,                 1.0914,                 1.1128,             0.00027508,             0.00027508,             0.00027508
                     36,                 1.3075,                0.71754,                0.99825,                0.79837,                0.61669,                0.66806,                0.44242,                 1.6204,                 1.0251,                 1.0765,                0.00027,                0.00027,                0.00027
                     37,                 1.2876,                0.69305,                0.99349,                0.76949,                0.62577,                0.65177,                0.43231,                 1.6327,                 1.1414,                 1.0991,             0.00026483,             0.00026483,             0.00026483
                     38,                 1.2946,                0.69475,                0.99201,                0.73332,                0.63498,                0.65817,                0.43432,                 1.6581,                 1.0111,                 1.1009,             0.00025959,             0.00025959,             0.00025959
                     39,                 1.2892,                0.68372,                0.99479,                 0.7981,                 0.6249,                0.67084,                 0.4422,                 1.6586,                 1.0435,                 1.0931,             0.00025427,             0.00025427,             0.00025427
                     40,                 1.2771,                0.67776,                0.99631,                0.74081,                0.64205,                0.67467,                0.44292,                 1.7306,                 1.0878,                 1.1252,             0.00024889,             0.00024889,             0.00024889
                     41,                 1.2791,                 0.6752,                0.99051,                0.74868,                0.65733,                0.67183,                0.44044,                 1.6522,                 1.0613,                 1.1028,             0.00024345,             0.00024345,             0.00024345
                     42,                 1.2645,                0.65955,                0.98492,                0.75372,                0.64673,                0.67498,                0.44557,                 1.6569,                0.99733,                 1.1047,             0.00023795,             0.00023795,             0.00023795
                     43,                 1.2791,                0.66134,                0.99133,                0.76236,                0.66124,                0.68127,                0.46873,                 1.6091,                 1.0138,                 1.0884,              0.0002324,              0.0002324,              0.0002324
                     44,                 1.2702,                0.65058,                 0.9844,                0.77786,                0.62613,                0.65743,                0.43742,                  1.641,                 1.0255,                 1.0911,              0.0002268,              0.0002268,              0.0002268
                     45,                   1.26,                0.63846,                0.98133,                 0.7625,                 0.6203,                0.66416,                0.44393,                 1.6499,                 1.0339,                 1.0915,             0.00022117,             0.00022117,             0.00022117
                     46,                 1.2489,                0.63916,                0.97678,                0.74063,                0.63649,                0.66458,                0.43419,                 1.7068,                  1.036,                 1.1266,              0.0002155,              0.0002155,              0.0002155
                     47,                 1.2459,                0.63032,                0.97949,                0.76474,                0.65935,                0.68259,                0.46456,                 1.6018,                0.94733,                 1.0939,              0.0002098,              0.0002098,              0.0002098
                     48,                 1.2429,                0.62602,                0.97007,                0.73118,                0.64788,                0.68826,                0.46712,                 1.6029,                 1.0113,                 1.0823,             0.00020409,             0.00020409,             0.00020409
                     49,                 1.2365,                0.61862,                0.97323,                0.75308,                0.64843,                0.67756,                0.44551,                 1.6952,                 1.0663,                 1.1217,             0.00019835,             0.00019835,             0.00019835
                     50,                  1.233,                0.61799,                0.97211,                0.76627,                0.66082,                0.69253,                0.46822,                 1.5817,                 0.9541,                 1.0756,              0.0001926,              0.0001926,              0.0001926
                     51,                 1.2342,                0.61657,                0.96939,                0.72473,                0.65743,                0.69862,                0.47664,                 1.6374,                 1.0121,                 1.1002,             0.00018685,             0.00018685,             0.00018685
                     52,                 1.2118,                 0.5984,                0.96722,                0.76885,                0.66951,                0.69984,                0.46779,                 1.6209,                0.97043,                 1.0937,              0.0001811,              0.0001811,              0.0001811
                     53,                 1.2068,                0.59312,                0.96868,                0.80644,                0.65788,                0.69801,                0.46169,                 1.6097,                0.94223,                  1.101,             0.00017535,             0.00017535,             0.00017535
                     54,                 1.2071,                 0.5882,                0.96378,                0.80833,                 0.6686,                0.71553,                0.47354,                 1.6334,                0.94807,                 1.1041,             0.00016961,             0.00016961,             0.00016961
                     55,                 1.2088,                0.58639,                0.96323,                0.78705,                0.70075,                0.70759,                 0.4821,                 1.5688,                0.93749,                 1.0854,              0.0001639,              0.0001639,              0.0001639
                     56,                 1.1866,                0.57528,                0.95821,                0.79797,                  0.684,                0.71457,                0.49809,                 1.5662,                0.96889,                 1.0757,              0.0001582,              0.0001582,              0.0001582
                     57,                 1.1917,                 0.5737,                0.95638,                0.78754,                0.64892,                0.70859,                 0.4825,                 1.5767,                0.98042,                 1.0752,             0.00015253,             0.00015253,             0.00015253
                     58,                 1.1763,                 0.5664,                 0.9529,                0.85069,                0.64805,                0.70817,                0.48574,                 1.5615,                0.91505,                 1.0709,              0.0001469,              0.0001469,              0.0001469
                     59,                 1.1825,                0.56765,                0.95862,                0.80973,                0.66711,                 0.7054,                0.48244,                 1.5461,                0.92193,                 1.0784,              0.0001413,              0.0001413,              0.0001413
                     60,                  1.181,                0.56512,                0.95523,                0.79952,                0.65296,                0.69796,                0.48213,                 1.5654,                0.92579,                 1.0746,             0.00013575,             0.00013575,             0.00013575
                     61,                  1.166,                0.55373,                0.94796,                0.79744,                0.66357,                0.70962,                 0.4854,                 1.5608,                0.94042,                 1.0824,             0.00013025,             0.00013025,             0.00013025
                     62,                 1.1669,                0.55311,                0.94673,                0.80008,                0.66665,                 0.6987,                 0.4856,                 1.5564,                0.95445,                 1.0761,             0.00012481,             0.00012481,             0.00012481
                     63,                 1.1566,                0.54568,                0.94579,                0.77587,                0.67119,                0.70262,                 0.4963,                 1.5329,                0.92587,                 1.0687,             0.00011943,             0.00011943,             0.00011943
                     64,                 1.1567,                0.54452,                0.94344,                0.79096,                0.63498,                0.69036,                0.47621,                 1.5809,                0.92528,                 1.0887,             0.00011411,             0.00011411,             0.00011411
                     65,                 1.1549,                 0.5405,                0.94321,                0.83325,                0.65924,                0.71361,                0.49578,                 1.5326,                0.91334,                 1.0701,             0.00010887,             0.00010887,             0.00010887
                     66,                  1.147,                0.53776,                0.94202,                0.73926,                0.67435,                 0.7077,                 0.4909,                 1.5438,                0.91389,                 1.0799,              0.0001037,              0.0001037,              0.0001037
                     67,                 1.1485,                0.53651,                0.94075,                0.80613,                0.68442,                 0.7142,                0.49386,                 1.5408,                0.86829,                 1.0664,             9.8617e-05,             9.8617e-05,             9.8617e-05
                     68,                  1.145,                0.53141,                0.94006,                0.79659,                0.66484,                0.70937,                0.48344,                 1.5763,                0.93587,                 1.0925,             9.3619e-05,             9.3619e-05,             9.3619e-05
                     69,                 1.1256,                0.52395,                0.93586,                 0.8177,                0.67414,                0.71689,                0.49469,                  1.524,                0.85937,                 1.0579,             8.8713e-05,             8.8713e-05,             8.8713e-05
                     70,                 1.1252,                0.52216,                0.93564,                0.80498,                0.68384,                0.71529,                0.50331,                 1.5339,                0.89101,                 1.0661,             8.3904e-05,             8.3904e-05,             8.3904e-05
                     71,                 1.1211,                0.51963,                0.93503,                0.81723,                0.67974,                0.72157,                0.49929,                 1.5446,                0.86816,                 1.0696,             7.9197e-05,             7.9197e-05,             7.9197e-05
                     72,                 1.1239,                0.52036,                0.93005,                0.79711,                0.66733,                 0.7168,                0.50391,                 1.5453,                0.89378,                 1.0704,             7.4596e-05,             7.4596e-05,             7.4596e-05
                     73,                 1.1223,                0.51898,                0.92839,                0.83402,                0.68285,                0.72606,                0.51868,                 1.5117,                 0.9075,                 1.0678,             7.0106e-05,             7.0106e-05,             7.0106e-05
                     74,                 1.1158,                0.51677,                0.92632,                0.82035,                0.68865,                0.71885,                0.50861,                 1.4999,                0.86347,                 1.0583,             6.5731e-05,             6.5731e-05,             6.5731e-05
                     75,                 1.1074,                0.50994,                0.92967,                0.81146,                 0.6917,                0.71731,                0.50913,                 1.4924,                0.87074,                   1.06,             6.1475e-05,             6.1475e-05,             6.1475e-05
                     76,                 1.1027,                0.50495,                 0.9242,                0.82497,                 0.6793,                0.71605,                0.50091,                 1.5273,                0.89545,                 1.0641,             5.7343e-05,             5.7343e-05,             5.7343e-05
                     77,                 1.1039,                0.50596,                0.92653,                0.79607,                0.67958,                0.71712,                0.50961,                 1.5207,                0.89679,                 1.0614,             5.3339e-05,             5.3339e-05,             5.3339e-05
                     78,                 1.0928,                 0.5005,                0.92582,                0.83337,                0.69567,                 0.7213,                0.51428,                 1.5033,                0.87969,                 1.0599,             4.9467e-05,             4.9467e-05,             4.9467e-05
                     79,                 1.1009,                0.50366,                0.92521,                0.82173,                0.68239,                0.71716,                0.50819,                 1.5059,                0.85365,                 1.0563,              4.573e-05,              4.573e-05,              4.573e-05
                     80,                 1.0856,                0.49618,                0.91899,                 0.8102,                0.70092,                0.72385,                0.51114,                 1.5132,                0.86257,                 1.0562,             4.2133e-05,             4.2133e-05,             4.2133e-05
                     81,                 1.0875,                0.49414,                0.92003,                 0.8424,                0.67535,                0.72377,                0.51388,                  1.489,                0.83704,                 1.0504,             3.8679e-05,             3.8679e-05,             3.8679e-05
                     82,                 1.0804,                0.49325,                0.91748,                0.83153,                0.66363,                0.71591,                 0.5118,                 1.4689,                0.83864,                 1.0471,              3.537e-05,              3.537e-05,              3.537e-05
                     83,                 1.0892,                0.49554,                0.91918,                0.84477,                0.65491,                0.71301,                0.51107,                 1.5008,                0.84193,                 1.0571,             3.2211e-05,             3.2211e-05,             3.2211e-05
                     84,                 1.0794,                0.49139,                0.91574,                0.80239,                0.66446,                 0.7205,                0.51751,                 1.4972,                0.84857,                  1.056,             2.9205e-05,             2.9205e-05,             2.9205e-05
                     85,                 1.0704,                0.48788,                0.91431,                0.79978,                0.68422,                0.71729,                0.51191,                 1.5057,                 0.8392,                 1.0588,             2.6354e-05,             2.6354e-05,             2.6354e-05
                     86,                  1.072,                0.48635,                0.92014,                0.83088,                0.67105,                0.71958,                0.51847,                 1.4751,                0.82894,                 1.0451,             2.3662e-05,             2.3662e-05,             2.3662e-05
                     87,                  1.067,                0.48506,                0.91516,                0.81063,                0.68438,                0.71782,                0.51562,                 1.4801,                0.83284,                 1.0489,             2.1131e-05,             2.1131e-05,             2.1131e-05
                     88,                 1.0685,                0.48566,                 0.9141,                0.83377,                0.67397,                0.72329,                0.51377,                 1.4865,                0.82836,                 1.0539,             1.8763e-05,             1.8763e-05,             1.8763e-05
                     89,                 1.0587,                0.47994,                  0.914,                0.77107,                0.67512,                0.72117,                0.51662,                 1.4892,                0.84418,                 1.0526,             1.6561e-05,             1.6561e-05,             1.6561e-05
                     90,                 1.0627,                0.48209,                0.91342,                 0.8145,                0.68599,                0.72321,                0.51485,                 1.4815,                0.83532,                  1.051,             1.4528e-05,             1.4528e-05,             1.4528e-05
                     91,                 1.0677,                0.48558,                0.91326,                0.82626,                0.68577,                0.72054,                0.51318,                 1.4856,                0.83742,                 1.0536,             1.2664e-05,             1.2664e-05,             1.2664e-05
                     92,                 1.0656,                0.48206,                0.91667,                0.81318,                0.68017,                0.72321,                0.51315,                 1.4862,                0.83761,                 1.0538,             1.0972e-05,             1.0972e-05,             1.0972e-05
                     93,                 1.0605,                0.47979,                0.91366,                0.83164,                0.67039,                0.72069,                0.51553,                 1.4731,                0.83152,                   1.05,              9.454e-06,              9.454e-06,              9.454e-06
                     94,                 1.0555,                0.47925,                0.90998,                0.82296,                0.68711,                0.72489,                0.51986,                 1.4649,                0.82263,                 1.0489,             8.1108e-06,             8.1108e-06,             8.1108e-06
                     95,                 1.0615,                0.48024,                0.91316,                0.82475,                0.67717,                0.72351,                 0.5147,                 1.4811,                 0.8295,                 1.0543,             6.9441e-06,             6.9441e-06,             6.9441e-06
                     96,                 1.0571,                 0.4799,                0.91152,                0.83374,                0.68067,                0.72291,                0.51906,                 1.4745,                0.82831,                 1.0525,             5.9549e-06,             5.9549e-06,             5.9549e-06
                     97,                 1.0649,                0.48275,                0.91008,                 0.8251,                 0.6752,                0.72432,                0.51845,                 1.4768,                0.82436,                 1.0535,             5.1442e-06,             5.1442e-06,             5.1442e-06
                     98,                 1.0583,                0.47828,                0.91164,                0.82763,                0.67785,                0.72282,                0.51789,                  1.481,                0.82793,                 1.0535,             4.5128e-06,             4.5128e-06,             4.5128e-06
                     99,                 1.0579,                0.47866,                0.91178,                0.80749,                0.69054,                0.72331,                0.51795,                 1.4765,                0.82788,                 1.0518,             4.0614e-06,             4.0614e-06,             4.0614e-06
                    100,                 1.0539,                0.47695,                0.91002,                0.81232,                0.68867,                0.72365,                0.51781,                 1.4829,                 0.8316,                 1.0528,             3.7904e-06,             3.7904e-06,             3.7904e-06
